LGA Name,Tenure type,Very low income <$603 per wk,Low income $603-$964 per wk,Moderate income $965-$1446 per wk,Total
Adelaide (C),Being purchased (incl rent/buy),127,112,185,1486
Adelaide (C),Rented: Public,347,53,22,479
Adelaide (C),Rented: Private and not stated,1126,441,597,4117
Adelaide (C),Rented: Other landlord,207,51,37,349
Adelaide (C),Rented: TOTAL,1680,545,656,4945
Adelaide (C),Other tenure types,572,275,263,2240
Adelaide (C),Total households,2378,926,1099,8678
Adelaide Hills (DC),Being purchased (incl rent/buy),296,371,641,6341
Adelaide Hills (DC),Rented: Public,28,6,7,48
Adelaide Hills (DC),Rented: Private and not stated,243,183,268,1289
Adelaide Hills (DC),Rented: Other landlord,45,13,16,109
Adelaide Hills (DC),Rented: TOTAL,316,202,291,1446
Adelaide Hills (DC),Other tenure types,1161,1061,848,5975
Adelaide Hills (DC),Total households,1769,1644,1777,13761
Alexandrina (DC),Being purchased (incl rent/buy),341,427,575,3488
Alexandrina (DC),Rented: Public,115,19,7,161
Alexandrina (DC),Rented: Private and not stated,506,403,286,1708
Alexandrina (DC),Rented: Other landlord,65,21,12,146
Alexandrina (DC),Rented: TOTAL,686,443,305,2015
Alexandrina (DC),Other tenure types,1371,1254,727,4727
Alexandrina (DC),Total households,2399,2133,1615,10229
Anangu Pitjantjatjara (AC),Being purchased (incl rent/buy),0,0,0,0
Anangu Pitjantjatjara (AC),Rented: Public,64,54,45,268
Anangu Pitjantjatjara (AC),Rented: Private and not stated,0,0,0,3
Anangu Pitjantjatjara (AC),Rented: Other landlord,9,16,11,78
Anangu Pitjantjatjara (AC),Rented: TOTAL,73,70,56,349
Anangu Pitjantjatjara (AC),Other tenure types,18,7,18,142
Anangu Pitjantjatjara (AC),Total households,96,83,77,494
Barossa (DC),Being purchased (incl rent/buy),212,280,529,3586
Barossa (DC),Rented: Public,60,32,14,122
Barossa (DC),Rented: Private and not stated,311,240,257,1342
Barossa (DC),Rented: Other landlord,90,39,17,192
Barossa (DC),Rented: TOTAL,461,311,288,1656
Barossa (DC),Other tenure types,1000,824,536,3676
Barossa (DC),Total households,1669,1419,1361,8917
Barunga West (DC),Being purchased (incl rent/buy),42,32,41,211
Barunga West (DC),Rented: Public,4,0,0,4
Barunga West (DC),Rented: Private and not stated,77,33,13,167
Barunga West (DC),Rented: Other landlord,3,0,0,12
Barunga West (DC),Rented: TOTAL,84,33,13,183
Barunga West (DC),Other tenure types,203,140,74,657
Barunga West (DC),Total households,327,204,134,1046
Berri and Barmera (DC),Being purchased (incl rent/buy),125,164,191,1284
Berri and Barmera (DC),Rented: Public,142,38,13,241
Berri and Barmera (DC),Rented: Private and not stated,280,184,145,846
Berri and Barmera (DC),Rented: Other landlord,40,18,19,123
Berri and Barmera (DC),Rented: TOTAL,462,240,177,1210
Berri and Barmera (DC),Other tenure types,510,389,223,1685
Berri and Barmera (DC),Total households,1097,797,592,4179
Burnside (C),Being purchased (incl rent/buy),284,229,400,5246
Burnside (C),Rented: Public,119,9,10,150
Burnside (C),Rented: Private and not stated,659,421,626,3330
Burnside (C),Rented: Other landlord,74,16,11,142
Burnside (C),Rented: TOTAL,852,446,647,3622
Burnside (C),Other tenure types,1500,1113,1002,7909
Burnside (C),Total households,2636,1797,2048,16778
Campbelltown (C) (SA),Being purchased (incl rent/buy),356,447,755,6105
Campbelltown (C) (SA),Rented: Public,469,98,37,684
Campbelltown (C) (SA),Rented: Private and not stated,769,692,740,3832
Campbelltown (C) (SA),Rented: Other landlord,163,57,39,326
Campbelltown (C) (SA),Rented: TOTAL,1401,847,816,4842
Campbelltown (C) (SA),Other tenure types,2295,1674,1150,8331
Campbelltown (C) (SA),Total households,4056,2963,2728,19286
Ceduna (DC),Being purchased (incl rent/buy),18,18,51,312
Ceduna (DC),Rented: Public,46,13,9,120
Ceduna (DC),Rented: Private and not stated,41,38,42,218
Ceduna (DC),Rented: Other landlord,21,17,13,104
Ceduna (DC),Rented: TOTAL,108,68,64,442
Ceduna (DC),Other tenure types,99,92,61,492
Ceduna (DC),Total households,224,175,176,1249
Charles Sturt (C),Being purchased (incl rent/buy),724,1076,1810,13461
Charles Sturt (C),Rented: Public,2046,575,276,3462
Charles Sturt (C),Rented: Private and not stated,1771,1596,1808,9788
Charles Sturt (C),Rented: Other landlord,401,162,106,858
Charles Sturt (C),Rented: TOTAL,4218,2333,2190,14108
Charles Sturt (C),Other tenure types,4699,3270,2350,16801
Charles Sturt (C),Total households,9644,6682,6350,44365
Clare and Gilbert Valleys (DC),Being purchased (incl rent/buy),127,136,183,1159
Clare and Gilbert Valleys (DC),Rented: Public,61,22,12,112
Clare and Gilbert Valleys (DC),Rented: Private and not stated,129,113,96,536
Clare and Gilbert Valleys (DC),Rented: Other landlord,45,12,13,99
Clare and Gilbert Valleys (DC),Rented: TOTAL,235,147,121,747
Clare and Gilbert Valleys (DC),Other tenure types,418,326,277,1610
Clare and Gilbert Valleys (DC),Total households,774,610,575,3521
Cleve (DC),Being purchased (incl rent/buy),27,28,38,210
Cleve (DC),Rented: Public,9,3,0,17
Cleve (DC),Rented: Private and not stated,18,12,13,63
Cleve (DC),Rented: Other landlord,4,3,3,16
Cleve (DC),Rented: TOTAL,31,18,16,96
Cleve (DC),Other tenure types,109,68,57,376
Cleve (DC),Total households,165,114,117,688
Coober Pedy (DC),Being purchased (incl rent/buy),25,16,20,126
Coober Pedy (DC),Rented: Public,7,3,4,42
Coober Pedy (DC),Rented: Private and not stated,33,29,24,143
Coober Pedy (DC),Rented: Other landlord,4,3,5,40
Coober Pedy (DC),Rented: TOTAL,44,35,33,225
Coober Pedy (DC),Other tenure types,153,53,36,339
Coober Pedy (DC),Total households,227,107,91,694
Copper Coast (DC),Being purchased (incl rent/buy),202,240,279,1576
Copper Coast (DC),Rented: Public,128,41,18,235
Copper Coast (DC),Rented: Private and not stated,377,271,164,1158
Copper Coast (DC),Rented: Other landlord,37,20,8,113
Copper Coast (DC),Rented: TOTAL,542,332,190,1506
Copper Coast (DC),Other tenure types,833,661,344,2655
Copper Coast (DC),Total households,1576,1234,811,5735
Elliston (DC),Being purchased (incl rent/buy),16,15,19,99
Elliston (DC),Rented: Public,4,0,0,10
Elliston (DC),Rented: Private and not stated,16,8,3,34
Elliston (DC),Rented: Other landlord,0,3,0,6
Elliston (DC),Rented: TOTAL,20,11,3,50
Elliston (DC),Other tenure types,77,67,42,269
Elliston (DC),Total households,108,90,65,416
Flinders Ranges (DC),Being purchased (incl rent/buy),28,24,29,206
Flinders Ranges (DC),Rented: Public,19,0,4,30
Flinders Ranges (DC),Rented: Private and not stated,34,18,11,93
Flinders Ranges (DC),Rented: Other landlord,8,5,4,33
Flinders Ranges (DC),Rented: TOTAL,61,23,19,156
Flinders Ranges (DC),Other tenure types,88,76,39,329
Flinders Ranges (DC),Total households,173,124,87,685
Franklin Harbour (DC),Being purchased (incl rent/buy),7,15,19,129
Franklin Harbour (DC),Rented: Public,0,0,3,9
Franklin Harbour (DC),Rented: Private and not stated,17,16,15,80
Franklin Harbour (DC),Rented: Other landlord,10,0,3,20
Franklin Harbour (DC),Rented: TOTAL,27,16,21,109
Franklin Harbour (DC),Other tenure types,77,53,27,245
Franklin Harbour (DC),Total households,115,91,64,483
Gawler (T),Being purchased (incl rent/buy),283,332,499,3381
Gawler (T),Rented: Public,248,80,28,414
Gawler (T),Rented: Private and not stated,490,425,354,1970
Gawler (T),Rented: Other landlord,92,30,26,213
Gawler (T),Rented: TOTAL,830,535,408,2597
Gawler (T),Other tenure types,970,695,429,3049
Gawler (T),Total households,2085,1562,1338,9038
Goyder (DC),Being purchased (incl rent/buy),70,95,85,475
Goyder (DC),Rented: Public,8,0,0,11
Goyder (DC),Rented: Private and not stated,83,33,39,226
Goyder (DC),Rented: Other landlord,15,10,6,48
Goyder (DC),Rented: TOTAL,106,43,45,285
Goyder (DC),Other tenure types,300,186,126,880
Goyder (DC),Total households,478,318,262,1645
Grant (DC),Being purchased (incl rent/buy),75,87,178,1132
Grant (DC),Rented: Public,0,0,0,0
Grant (DC),Rented: Private and not stated,78,65,53,271
Grant (DC),Rented: Other landlord,18,9,5,59
Grant (DC),Rented: TOTAL,96,74,58,330
Grant (DC),Other tenure types,262,238,181,1252
Grant (DC),Total households,434,394,415,2721
Holdfast Bay (C),Being purchased (incl rent/buy),219,267,452,4223
Holdfast Bay (C),Rented: Public,154,41,9,231
Holdfast Bay (C),Rented: Private and not stated,790,649,712,3998
Holdfast Bay (C),Rented: Other landlord,143,27,16,228
Holdfast Bay (C),Rented: TOTAL,1087,717,737,4457
Holdfast Bay (C),Other tenure types,1555,1092,924,6188
Holdfast Bay (C),Total households,2868,2081,2116,14872
Kangaroo Island (DC),Being purchased (incl rent/buy),94,86,97,555
Kangaroo Island (DC),Rented: Public,28,3,6,44
Kangaroo Island (DC),Rented: Private and not stated,122,53,47,321
Kangaroo Island (DC),Rented: Other landlord,17,7,7,35
Kangaroo Island (DC),Rented: TOTAL,167,63,60,400
Kangaroo Island (DC),Other tenure types,255,174,128,862
Kangaroo Island (DC),Total households,513,328,281,1812
Karoonda East Murray (DC),Being purchased (incl rent/buy),21,16,26,109
Karoonda East Murray (DC),Rented: Public,3,0,0,9
Karoonda East Murray (DC),Rented: Private and not stated,16,11,10,53
Karoonda East Murray (DC),Rented: Other landlord,0,4,3,14
Karoonda East Murray (DC),Rented: TOTAL,19,15,13,76
Karoonda East Murray (DC),Other tenure types,89,45,26,244
Karoonda East Murray (DC),Total households,127,85,65,419
Kimba (DC),Being purchased (incl rent/buy),9,10,20,89
Kimba (DC),Rented: Public,0,0,0,9
Kimba (DC),Rented: Private and not stated,14,9,9,53
Kimba (DC),Rented: Other landlord,0,0,0,4
Kimba (DC),Rented: TOTAL,14,9,9,66
Kimba (DC),Other tenure types,55,47,43,235
Kimba (DC),Total households,76,62,67,389
Kingston (DC),Being purchased (incl rent/buy),23,40,45,239
Kingston (DC),Rented: Public,3,6,3,22
Kingston (DC),Rented: Private and not stated,49,38,21,155
Kingston (DC),Rented: Other landlord,14,3,4,31
Kingston (DC),Rented: TOTAL,66,47,28,208
Kingston (DC),Other tenure types,138,116,70,516
Kingston (DC),Total households,229,209,143,953
Light (RegC),Being purchased (incl rent/buy),155,233,317,2555
Light (RegC),Rented: Public,18,5,7,39
Light (RegC),Rented: Private and not stated,143,106,98,545
Light (RegC),Rented: Other landlord,13,7,8,97
Light (RegC),Rented: TOTAL,174,118,113,681
Light (RegC),Other tenure types,389,348,291,1786
Light (RegC),Total households,721,698,716,5023
Lower Eyre Peninsula (DC),Being purchased (incl rent/buy),56,73,108,742
Lower Eyre Peninsula (DC),Rented: Public,6,3,3,10
Lower Eyre Peninsula (DC),Rented: Private and not stated,58,45,40,244
Lower Eyre Peninsula (DC),Rented: Other landlord,12,4,8,36
Lower Eyre Peninsula (DC),Rented: TOTAL,76,52,51,290
Lower Eyre Peninsula (DC),Other tenure types,226,161,137,895
Lower Eyre Peninsula (DC),Total households,358,289,287,1933
Loxton Waikerie (DC),Being purchased (incl rent/buy),130,180,237,1353
Loxton Waikerie (DC),Rented: Public,81,21,13,148
Loxton Waikerie (DC),Rented: Private and not stated,205,160,113,722
Loxton Waikerie (DC),Rented: Other landlord,61,29,20,175
Loxton Waikerie (DC),Rented: TOTAL,347,210,146,1045
Loxton Waikerie (DC),Other tenure types,643,483,289,2099
Loxton Waikerie (DC),Total households,1121,880,666,4497
Mallala (DC),Being purchased (incl rent/buy),128,180,272,1658
Mallala (DC),Rented: Public,4,0,0,7
Mallala (DC),Rented: Private and not stated,86,44,57,298
Mallala (DC),Rented: Other landlord,12,7,3,27
Mallala (DC),Rented: TOTAL,102,51,60,332
Mallala (DC),Other tenure types,255,230,154,1040
Mallala (DC),Total households,491,463,491,3032
Maralinga Tjarutja (AC),Being purchased (incl rent/buy),0,0,0,0
Maralinga Tjarutja (AC),Rented: Public,0,0,0,0
Maralinga Tjarutja (AC),Rented: Private and not stated,0,0,0,0
Maralinga Tjarutja (AC),Rented: Other landlord,0,0,0,0
Maralinga Tjarutja (AC),Rented: TOTAL,0,0,0,0
Maralinga Tjarutja (AC),Other tenure types,0,0,0,15
Maralinga Tjarutja (AC),Total households,0,0,0,15
Marion (C),Being purchased (incl rent/buy),753,970,1725,12754
Marion (C),Rented: Public,1710,457,192,2744
Marion (C),Rented: Private and not stated,1228,1166,1339,7101
Marion (C),Rented: Other landlord,381,118,65,705
Marion (C),Rented: TOTAL,3319,1741,1596,10550
Marion (C),Other tenure types,3394,2512,1795,11976
Marion (C),Total households,7464,5229,5111,35275
Mid Murray (DC),Being purchased (incl rent/buy),195,178,200,1122
Mid Murray (DC),Rented: Public,27,16,0,69
Mid Murray (DC),Rented: Private and not stated,200,76,65,477
Mid Murray (DC),Rented: Other landlord,20,16,9,61
Mid Murray (DC),Rented: TOTAL,247,108,74,607
Mid Murray (DC),Other tenure types,619,456,207,1772
Mid Murray (DC),Total households,1061,729,492,3506
Mitcham (C),Being purchased (incl rent/buy),433,463,857,9383
Mitcham (C),Rented: Public,141,35,9,203
Mitcham (C),Rented: Private and not stated,753,580,677,3676
Mitcham (C),Rented: Other landlord,156,55,36,316
Mitcham (C),Rented: TOTAL,1050,670,722,4195
Mitcham (C),Other tenure types,2288,1692,1570,10232
Mitcham (C),Total households,3768,2817,3152,23807
Mount Barker (DC),Being purchased (incl rent/buy),305,426,738,5428
Mount Barker (DC),Rented: Public,194,52,24,342
Mount Barker (DC),Rented: Private and not stated,406,404,390,2170
Mount Barker (DC),Rented: Other landlord,91,29,14,208
Mount Barker (DC),Rented: TOTAL,691,485,428,2720
Mount Barker (DC),Other tenure types,927,750,587,3865
Mount Barker (DC),Total households,1919,1661,1754,12013
Mount Gambier (C),Being purchased (incl rent/buy),259,387,578,3481
Mount Gambier (C),Rented: Public,481,158,90,878
Mount Gambier (C),Rented: Private and not stated,730,490,429,2378
Mount Gambier (C),Rented: Other landlord,92,36,17,202
Mount Gambier (C),Rented: TOTAL,1303,684,536,3458
Mount Gambier (C),Other tenure types,1059,733,438,3384
Mount Gambier (C),Total households,2618,1802,1546,10321
Mount Remarkable (DC),Being purchased (incl rent/buy),55,33,42,300
Mount Remarkable (DC),Rented: Public,3,0,0,13
Mount Remarkable (DC),Rented: Private and not stated,39,21,14,109
Mount Remarkable (DC),Rented: Other landlord,12,3,0,22
Mount Remarkable (DC),Rented: TOTAL,54,24,14,144
Mount Remarkable (DC),Other tenure types,207,153,96,708
Mount Remarkable (DC),Total households,319,204,151,1153
Murray Bridge (RC),Being purchased (incl rent/buy),253,335,411,2412
Murray Bridge (RC),Rented: Public,306,101,49,557
Murray Bridge (RC),Rented: Private and not stated,526,390,337,1886
Murray Bridge (RC),Rented: Other landlord,58,29,20,161
Murray Bridge (RC),Rented: TOTAL,890,520,406,2604
Murray Bridge (RC),Other tenure types,903,701,383,2912
Murray Bridge (RC),Total households,2053,1549,1201,7935
Naracoorte and Lucindale (DC),Being purchased (incl rent/buy),79,128,184,1009
Naracoorte and Lucindale (DC),Rented: Public,53,25,5,94
Naracoorte and Lucindale (DC),Rented: Private and not stated,146,126,77,592
Naracoorte and Lucindale (DC),Rented: Other landlord,20,11,23,95
Naracoorte and Lucindale (DC),Rented: TOTAL,219,162,105,781
Naracoorte and Lucindale (DC),Other tenure types,340,254,203,1354
Naracoorte and Lucindale (DC),Total households,629,533,499,3143
Northern Areas (DC),Being purchased (incl rent/buy),62,80,90,529
Northern Areas (DC),Rented: Public,26,0,3,41
Northern Areas (DC),Rented: Private and not stated,73,47,47,236
Northern Areas (DC),Rented: Other landlord,15,3,9,54
Northern Areas (DC),Rented: TOTAL,114,50,59,331
Northern Areas (DC),Other tenure types,278,188,153,973
Northern Areas (DC),Total households,452,325,300,1829
Norwood Payneham St Peters (C),Being purchased (incl rent/buy),216,229,397,3794
Norwood Payneham St Peters (C),Rented: Public,487,73,30,657
Norwood Payneham St Peters (C),Rented: Private and not stated,860,639,823,4332
Norwood Payneham St Peters (C),Rented: Other landlord,169,56,23,312
Norwood Payneham St Peters (C),Rented: TOTAL,1516,768,876,5301
Norwood Payneham St Peters (C),Other tenure types,1627,953,705,5723
Norwood Payneham St Peters (C),Total households,3356,1947,1978,14808
Onkaparinga (C),Being purchased (incl rent/buy),2032,2755,4335,27113
Onkaparinga (C),Rented: Public,1606,512,198,2726
Onkaparinga (C),Rented: Private and not stated,2605,2387,2353,11323
Onkaparinga (C),Rented: Other landlord,425,160,85,818
Onkaparinga (C),Rented: TOTAL,4636,3059,2636,14867
Onkaparinga (C),Other tenure types,5893,5011,3222,21043
Onkaparinga (C),Total households,12563,10828,10197,63024
Orroroo/Carrieton (DC),Being purchased (incl rent/buy),12,10,16,87
Orroroo/Carrieton (DC),Rented: Public,4,0,0,9
Orroroo/Carrieton (DC),Rented: Private and not stated,9,3,0,24
Orroroo/Carrieton (DC),Rented: Other landlord,0,0,3,5
Orroroo/Carrieton (DC),Rented: TOTAL,13,3,3,38
Orroroo/Carrieton (DC),Other tenure types,73,44,30,235
Orroroo/Carrieton (DC),Total households,97,55,47,360
Peterborough (DC),Being purchased (incl rent/buy),66,45,27,203
Peterborough (DC),Rented: Public,12,6,0,28
Peterborough (DC),Rented: Private and not stated,51,25,8,103
Peterborough (DC),Rented: Other landlord,5,3,0,15
Peterborough (DC),Rented: TOTAL,68,34,8,146
Peterborough (DC),Other tenure types,165,85,55,403
Peterborough (DC),Total households,301,162,90,755
Playford (C),Being purchased (incl rent/buy),1222,1684,2208,12180
Playford (C),Rented: Public,1625,505,254,2904
Playford (C),Rented: Private and not stated,2308,1877,1568,8063
Playford (C),Rented: Other landlord,384,157,114,986
Playford (C),Rented: TOTAL,4317,2539,1936,11953
Playford (C),Other tenure types,2272,1787,1024,7519
Playford (C),Total households,7815,6013,5163,31652
Port Adelaide Enfield (C),Being purchased (incl rent/buy),1169,1416,2452,15741
Port Adelaide Enfield (C),Rented: Public,2847,888,384,4892
Port Adelaide Enfield (C),Rented: Private and not stated,2134,1870,2101,10470
Port Adelaide Enfield (C),Rented: Other landlord,630,241,154,1424
Port Adelaide Enfield (C),Rented: TOTAL,5611,2999,2639,16786
Port Adelaide Enfield (C),Other tenure types,4444,2917,1951,14097
Port Adelaide Enfield (C),Total households,11226,7330,7041,46621
Port Augusta (C),Being purchased (incl rent/buy),111,136,191,1452
Port Augusta (C),Rented: Public,294,117,68,651
Port Augusta (C),Rented: Private and not stated,256,186,184,982
Port Augusta (C),Rented: Other landlord,44,13,32,166
Port Augusta (C),Rented: TOTAL,594,316,284,1799
Port Augusta (C),Other tenure types,487,330,250,1769
Port Augusta (C),Total households,1198,769,730,5021
Port Lincoln (C),Being purchased (incl rent/buy),119,201,262,1730
Port Lincoln (C),Rented: Public,270,78,42,495
Port Lincoln (C),Rented: Private and not stated,302,239,255,1232
Port Lincoln (C),Rented: Other landlord,49,10,15,118
Port Lincoln (C),Rented: TOTAL,621,327,312,1845
Port Lincoln (C),Other tenure types,548,368,227,1788
Port Lincoln (C),Total households,1289,906,800,5364
Port Pirie City and Districts (M),Being purchased (incl rent/buy),260,307,313,2181
Port Pirie City and Districts (M),Rented: Public,383,84,50,612
Port Pirie City and Districts (M),Rented: Private and not stated,470,247,190,1295
Port Pirie City and Districts (M),Rented: Other landlord,40,19,17,130
Port Pirie City and Districts (M),Rented: TOTAL,893,350,257,2037
Port Pirie City and Districts (M),Other tenure types,880,629,329,2692
Port Pirie City and Districts (M),Total households,2034,1286,904,6905
Prospect (C),Being purchased (incl rent/buy),102,128,223,2633
Prospect (C),Rented: Public,139,38,13,221
Prospect (C),Rented: Private and not stated,341,325,433,2057
Prospect (C),Rented: Other landlord,87,25,19,158
Prospect (C),Rented: TOTAL,567,388,465,2436
Prospect (C),Other tenure types,636,397,340,2691
Prospect (C),Total households,1302,910,1024,7758
Renmark Paringa (DC),Being purchased (incl rent/buy),124,163,191,1151
Renmark Paringa (DC),Rented: Public,86,21,17,147
Renmark Paringa (DC),Rented: Private and not stated,187,159,146,702
Renmark Paringa (DC),Rented: Other landlord,52,25,24,162
Renmark Paringa (DC),Rented: TOTAL,325,205,187,1011
Renmark Paringa (DC),Other tenure types,415,333,195,1465
Renmark Paringa (DC),Total households,869,702,577,3627
Robe (DC),Being purchased (incl rent/buy),15,18,16,137
Robe (DC),Rented: Public,9,3,0,7
Robe (DC),Rented: Private and not stated,31,23,15,104
Robe (DC),Rented: Other landlord,0,4,3,13
Robe (DC),Rented: TOTAL,40,30,18,124
Robe (DC),Other tenure types,86,49,49,289
Robe (DC),Total households,140,96,86,548
Roxby Downs (M),Being purchased (incl rent/buy),7,5,16,261
Roxby Downs (M),Rented: Public,0,0,7,23
Roxby Downs (M),Rented: Private and not stated,31,26,44,418
Roxby Downs (M),Rented: Other landlord,0,3,8,353
Roxby Downs (M),Rented: TOTAL,31,29,59,794
Roxby Downs (M),Other tenure types,4,7,7,127
Roxby Downs (M),Total households,40,39,77,1177
Salisbury (C),Being purchased (incl rent/buy),1725,2491,3746,20325
Salisbury (C),Rented: Public,1671,540,289,3031
Salisbury (C),Rented: Private and not stated,2343,1970,2052,9954
Salisbury (C),Rented: Other landlord,443,202,168,1114
Salisbury (C),Rented: TOTAL,4457,2712,2509,14099
Salisbury (C),Other tenure types,4315,3556,2210,15080
Salisbury (C),Total households,10491,8758,8468,49501
Southern Mallee (DC),Being purchased (incl rent/buy),29,26,29,193
Southern Mallee (DC),Rented: Public,5,3,3,18
Southern Mallee (DC),Rented: Private and not stated,10,16,21,71
Southern Mallee (DC),Rented: Other landlord,12,3,5,50
Southern Mallee (DC),Rented: TOTAL,27,22,29,139
Southern Mallee (DC),Other tenure types,117,79,57,430
Southern Mallee (DC),Total households,172,122,120,764
Streaky Bay (DC),Being purchased (incl rent/buy),15,22,27,195
Streaky Bay (DC),Rented: Public,10,6,0,32
Streaky Bay (DC),Rented: Private and not stated,27,27,16,102
Streaky Bay (DC),Rented: Other landlord,5,3,0,19
Streaky Bay (DC),Rented: TOTAL,42,36,16,153
Streaky Bay (DC),Other tenure types,127,78,61,433
Streaky Bay (DC),Total households,182,141,106,780
Tatiara (DC),Being purchased (incl rent/buy),84,129,124,825
Tatiara (DC),Rented: Public,15,7,3,40
Tatiara (DC),Rented: Private and not stated,64,89,68,371
Tatiara (DC),Rented: Other landlord,23,17,8,75
Tatiara (DC),Rented: TOTAL,102,113,79,486
Tatiara (DC),Other tenure types,272,227,163,1121
Tatiara (DC),Total households,458,466,376,2427
Tea Tree Gully (C),Being purchased (incl rent/buy),835,1233,2169,15900
Tea Tree Gully (C),Rented: Public,659,211,93,1154
Tea Tree Gully (C),Rented: Private and not stated,895,997,1035,5071
Tea Tree Gully (C),Rented: Other landlord,146,57,45,354
Tea Tree Gully (C),Rented: TOTAL,1700,1265,1173,6579
Tea Tree Gully (C),Other tenure types,3414,3039,2313,14079
Tea Tree Gully (C),Total households,5955,5536,5655,36559
The Coorong (DC),Being purchased (incl rent/buy),110,84,105,598
The Coorong (DC),Rented: Public,27,13,3,54
The Coorong (DC),Rented: Private and not stated,103,66,44,294
The Coorong (DC),Rented: Other landlord,16,15,16,76
The Coorong (DC),Rented: TOTAL,146,94,63,424
The Coorong (DC),Other tenure types,334,213,157,1085
The Coorong (DC),Total households,593,391,335,2107
Tumby Bay (DC),Being purchased (incl rent/buy),36,29,36,255
Tumby Bay (DC),Rented: Public,4,0,3,9
Tumby Bay (DC),Rented: Private and not stated,57,34,25,172
Tumby Bay (DC),Rented: Other landlord,16,10,6,38
Tumby Bay (DC),Rented: TOTAL,77,44,34,219
Tumby Bay (DC),Other tenure types,182,107,87,609
Tumby Bay (DC),Total households,294,179,148,1077
Unley (C),Being purchased (incl rent/buy),205,217,363,4489
Unley (C),Rented: Public,233,54,19,339
Unley (C),Rented: Private and not stated,650,531,656,3856
Unley (C),Rented: Other landlord,143,20,21,212
Unley (C),Rented: TOTAL,1026,605,696,4407
Unley (C),Other tenure types,1255,892,751,5843
Unley (C),Total households,2485,1715,1810,14738
Victor Harbor (C),Being purchased (incl rent/buy),199,233,265,1498
Victor Harbor (C),Rented: Public,40,7,8,62
Victor Harbor (C),Rented: Private and not stated,431,279,226,1237
Victor Harbor (C),Rented: Other landlord,73,24,22,132
Victor Harbor (C),Rented: TOTAL,544,310,256,1431
Victor Harbor (C),Other tenure types,1081,986,489,3348
Victor Harbor (C),Total households,1814,1535,1011,6283
Wakefield (DC),Being purchased (incl rent/buy),140,134,161,885
Wakefield (DC),Rented: Public,15,0,3,30
Wakefield (DC),Rented: Private and not stated,118,72,71,393
Wakefield (DC),Rented: Other landlord,34,9,18,91
Wakefield (DC),Rented: TOTAL,167,81,92,514
Wakefield (DC),Other tenure types,348,218,195,1197
Wakefield (DC),Total households,652,442,447,2590
Walkerville (M),Being purchased (incl rent/buy),38,31,47,780
Walkerville (M),Rented: Public,130,15,4,177
Walkerville (M),Rented: Private and not stated,101,64,101,590
Walkerville (M),Rented: Other landlord,15,10,0,37
Walkerville (M),Rented: TOTAL,246,89,105,804
Walkerville (M),Other tenure types,242,191,154,1356
Walkerville (M),Total households,534,306,317,2938
Wattle Range (DC),Being purchased (incl rent/buy),174,183,240,1504
Wattle Range (DC),Rented: Public,91,19,7,148
Wattle Range (DC),Rented: Private and not stated,249,139,111,676
Wattle Range (DC),Rented: Other landlord,24,22,12,107
Wattle Range (DC),Rented: TOTAL,364,180,130,931
Wattle Range (DC),Other tenure types,600,444,264,2071
Wattle Range (DC),Total households,1148,809,626,4511
West Torrens (C),Being purchased (incl rent/buy),402,513,912,6755
West Torrens (C),Rented: Public,709,167,76,1119
West Torrens (C),Rented: Private and not stated,1307,1125,1247,6560
West Torrens (C),Rented: Other landlord,285,108,70,598
West Torrens (C),Rented: TOTAL,2301,1400,1393,8277
West Torrens (C),Other tenure types,2376,1637,1200,8248
West Torrens (C),Total households,5084,3555,3499,23284
Whyalla (C),Being purchased (incl rent/buy),263,268,345,2889
Whyalla (C),Rented: Public,977,245,94,1564
Whyalla (C),Rented: Private and not stated,482,289,261,1601
Whyalla (C),Rented: Other landlord,50,12,26,175
Whyalla (C),Rented: TOTAL,1509,546,381,3340
Whyalla (C),Other tenure types,763,590,304,2542
Whyalla (C),Total households,2534,1408,1034,8774
Wudinna (DC),Being purchased (incl rent/buy),15,11,15,98
Wudinna (DC),Rented: Public,12,3,3,19
Wudinna (DC),Rented: Private and not stated,13,10,22,66
Wudinna (DC),Rented: Other landlord,0,0,9,14
Wudinna (DC),Rented: TOTAL,25,13,34,99
Wudinna (DC),Other tenure types,78,45,34,279
Wudinna (DC),Total households,121,66,78,477
Yankalilla (DC),Being purchased (incl rent/buy),114,103,120,704
Yankalilla (DC),Rented: Public,12,3,0,15
Yankalilla (DC),Rented: Private and not stated,134,63,49,329
Yankalilla (DC),Rented: Other landlord,14,6,12,44
Yankalilla (DC),Rented: TOTAL,160,72,61,388
Yankalilla (DC),Other tenure types,314,253,138,1014
Yankalilla (DC),Total households,589,431,321,2105
Yorke Peninsula (DC),Being purchased (incl rent/buy),160,181,173,1061
Yorke Peninsula (DC),Rented: Public,70,21,6,134
Yorke Peninsula (DC),Rented: Private and not stated,203,135,94,584
Yorke Peninsula (DC),Rented: Other landlord,15,17,11,65
Yorke Peninsula (DC),Rented: TOTAL,288,173,111,783
Yorke Peninsula (DC),Other tenure types,910,665,366,2805
Yorke Peninsula (DC),Total households,1364,1015,647,4647
South Australia,Being purchased (incl rent/buy),16630,21240,32472,225670
South Australia,Rented: Public,19642,5652,2626,33492
South Australia,Rented: Private and not stated,29448,23563,24287,129351
South Australia,Rented: Other landlord,5703,2166,1610,13636
South Australia,Rented: TOTAL,54793,31381,28523,176479
South Australia,Other tenure types,64784,48872,33673,236646
South Australia,Total households,136200,101489,94663,638792
